<?xml version="1.0" encoding="UTF-8"?>
<project-private xmlns="http://www.netbeans.org/ns/project-private/1">
    <editor-bookmarks xmlns="http://www.netbeans.org/ns/editor-bookmarks/2" lastBookmarkId="0"/>
    <open-files xmlns="http://www.netbeans.org/ns/projectui-open-files/2">
        <group>
            <file>file:/media/Media/Projects/WEB/other/mysheet/src/Functionals/RuleParam/MetricParam.php</file>
            <file>file:/media/Media/Projects/WEB/other/mysheet/src/Tools/BlockParser.php</file>
            <file>file:/media/Media/Projects/WEB/other/mysheet/bugs</file>
            <file>file:/media/Media/Projects/WEB/other/mysheet/src/Structure/Selector.php</file>
            <file>file:/media/Media/Projects/WEB/other/mysheet/src/Error/MySheetException.php</file>
            <file>file:/media/Media/Projects/WEB/other/mysheet/index.php</file>
        </group>
    </open-files>
</project-private>
